Student_ID,First_Name,Last_Name,Date_of_Birth,Enrollment_Date,Email
1,Danielle,Smith,1992-07-01,2022-01-11,tanya.house@example.com
2,Angel,Le,1990-07-24,2021-03-25,melinda.martin@example.com
3,Joshua,Maldonado,1996-03-03,2020-10-10,todd.lewis@example.com
4,Jeffrey,Herrera,1995-06-30,2022-11-09,richard.brown@example.com
5,Jill,Adams,1995-01-03,2022-10-07,nicholas.galloway@example.com
6,Erica,Davidson,1993-02-17,2020-07-05,joseph.bowers@example.com
7,Patricia,Rodriguez,1992-04-19,2020-04-06,spencer.henderson@example.com
8,Christopher,Graham,2002-03-26,2020-08-12,susan.cowan@example.com
9,Robert,Chavez,1991-12-14,2020-11-09,angela.higgins@example.com
10,Anthony,Mckay,1999-06-19,2023-07-09,eric.phillips@example.com
11,Jeffery,Liu,1990-09-18,2020-11-23,tanya.riley@example.com
12,William,Baker,1990-09-02,2023-10-25,amy.adkins@example.com
13,Anthony,Mason,1992-02-07,2022-05-14,brian.silva@example.com
14,James,White,1994-11-27,2023-05-06,wesley.farrell@example.com
15,Debra,Gaines,1995-03-21,2020-05-10,eric.yu@example.com
16,Amy,Harrell,2001-05-02,2022-02-27,christopher.lopez@example.com
17,Jeffrey,Evans,1990-08-06,2022-02-20,brooke.leonard@example.com
18,Bridget,Fowler,2002-08-03,2023-05-05,joe.wilson@example.com
19,Lisa,Lynch,1994-06-17,2022-08-16,pamela.sanchez@example.com
20,Adam,Hernandez,2002-03-23,2022-12-19,brooke.harvey@example.com
21,Linda,Farmer,1999-05-30,2021-05-29,robert.silva@example.com
22,Helen,Ryan,1994-12-11,2023-02-07,alexandra.donovan@example.com
23,Matthew,Osborne,2000-01-28,2020-01-24,james.moran@example.com
24,Eric,Moreno,1996-03-28,2023-10-25,john.foster@example.com
25,Susan,Smith,1990-02-23,2020-08-22,emily.evans@example.com
26,Matthew,Nguyen,1993-07-31,2023-10-28,leslie.walton@example.com
27,Christopher,Smith,1999-06-25,2023-01-04,charles.ellis@example.com
28,Colin,Hickman,1997-08-19,2021-06-30,yolanda.ferrell@example.com
29,Melanie,Koch,1996-03-26,2023-08-05,charles.lewis@example.com
30,Cassandra,Decker,1993-06-27,2021-11-27,joseph.mahoney@example.com
31,Lindsay,Parker,1994-10-30,2020-08-16,nicole.suarez@example.com
32,Jessica,Brown,1997-07-20,2021-08-24,mike.moore@example.com
33,Amanda,Humphrey,1992-04-17,2022-06-09,martha.warner@example.com
34,Teresa,Arroyo,1992-01-30,2020-11-19,cheryl.archer@example.com
35,Nicholas,Miller,1998-07-10,2022-07-18,destiny.smith@example.com
36,Andrea,Tucker,1992-03-03,2020-01-07,lisa.evans@example.com
37,Maria,Jones,1998-01-19,2021-06-23,elizabeth.mcmillan@example.com
38,Christine,Hodges,1997-09-18,2022-10-22,dennis.wilson@example.com
39,Michelle,Cannon,1995-12-07,2020-12-31,daniel.tran@example.com
40,Barbara,Anderson,1990-12-22,2022-11-05,joseph.jacobs@example.com
41,Janet,Alvarez,2000-04-21,2020-08-05,jennifer.harris@example.com
42,Brandon,Pierce,2002-01-10,2023-07-04,cynthia.baker@example.com
43,Jeremy,Baker,1992-10-19,2021-09-03,tracy.whitehead@example.com
44,Keith,Brennan,1998-06-28,2023-08-01,meghan.davis@example.com
45,Christopher,Henderson,1991-10-08,2022-11-05,rodney.hill@example.com
46,Jesse,Lewis,2002-05-20,2023-06-01,adam.wise@example.com
47,Craig,Ryan,1996-07-29,2021-02-11,dana.green@example.com
48,Joshua,Blair,1998-02-10,2020-11-09,joyce.arnold@example.com
49,Cynthia,Harris,2002-12-13,2022-02-04,ronald.smith@example.com
50,Michael,Collins,1994-04-25,2020-11-26,charles.ware@example.com
51,Mitchell,Carney,1991-07-24,2023-01-09,rebecca.gardner@example.com
52,Jason,Santos,1991-01-11,2022-12-22,mary.aguilar@example.com
53,Joseph,Kim,1995-02-10,2020-01-02,earl.anderson@example.com
54,Sharon,Holmes,1996-06-28,2023-05-11,kyle.nolan@example.com
55,Deborah,Martinez,1991-10-16,2021-10-25,laura.valencia@example.com
56,Chelsea,Walker,1995-03-23,2022-09-27,rachel.clark@example.com
57,George,Morgan,1992-04-07,2020-02-09,john.garcia@example.com
58,Jessica,Chapman,1998-07-11,2020-08-17,kimberly.henson@example.com
59,Frank,Hall,1996-03-27,2022-01-13,richard.oliver@example.com
60,Noah,Robinson,2000-03-03,2021-09-21,eric.spears@example.com
61,Veronica,Jones,1998-03-08,2021-05-05,michelle.cherry@example.com
62,Danielle,Welch,1993-08-25,2020-04-28,lisa.keith@example.com
63,Angela,Perez,1998-04-21,2021-05-08,angel.doyle@example.com
64,Gabrielle,Whitehead,1997-12-20,2023-03-07,martin.galvan@example.com
65,Megan,Heath,1994-09-13,2020-06-10,leah.shields@example.com
66,Kimberly,Jones,1995-12-28,2020-06-24,lisa.adams@example.com
67,Jeremy,Young,1991-08-08,2022-09-22,kristin.rodriguez@example.com
68,Antonio,Caldwell,1993-11-02,2020-05-21,monica.garrison@example.com
69,Leslie,Lewis,2001-12-24,2022-12-26,jeffrey.velasquez@example.com
70,Joseph,Anderson,1995-06-29,2020-09-14,steven.torres@example.com
71,Jason,Walls,1993-08-31,2020-09-19,laura.perez@example.com
72,Sherri,Duncan,2000-05-14,2023-09-13,andrew.lee@example.com
73,Nancy,Kennedy,1998-07-06,2022-08-31,mark.lin@example.com
74,Leonard,Mueller,1996-01-21,2023-01-30,tammy.ramirez@example.com
75,Diana,Aguirre,2002-06-29,2020-12-04,darlene.ross@example.com
76,Randall,Lee,1994-12-05,2021-06-26,tina.herrera@example.com
77,Robin,Davis,1997-04-10,2022-12-16,sheila.wilson@example.com
78,Stephen,Jordan,1991-04-04,2023-05-27,tara.white@example.com
79,Joseph,Henderson,1995-02-20,2022-05-16,sydney.baker@example.com
80,John,Owens,1990-09-20,2021-03-09,daniel.hamilton@example.com
81,Anna,Daniel,1997-01-28,2023-01-09,jessica.edwards@example.com
82,Jose,Nunez,1998-12-31,2023-11-13,catherine.dixon@example.com
83,Brenda,Joyce,1996-01-03,2021-02-15,paul.ray@example.com
84,Rachael,Garcia,1991-06-27,2023-12-31,jonathan.fletcher@example.com
85,Reginald,Powell,1994-09-25,2021-09-30,aaron.frost@example.com
86,Jeffrey,Morgan,2002-09-21,2022-03-28,amanda.ball@example.com
87,Whitney,Hensley,1997-01-21,2023-10-07,judy.lambert@example.com
88,William,Wright,1994-10-08,2023-08-23,michael.jones@example.com
89,Christopher,Lee,2001-03-13,2022-02-03,elizabeth.rivera@example.com
90,Brandon,West,1998-11-16,2022-06-16,lee.charles@example.com
91,Daniel,Henderson,2000-04-16,2022-11-25,jennifer.evans@example.com
92,Courtney,Ramirez,1993-03-16,2022-07-13,kyle.ortiz@example.com
93,Laura,Wright,1995-12-10,2020-09-04,richard.phillips@example.com
94,Robert,Leblanc,1993-02-17,2021-05-22,david.fisher@example.com
95,Bryan,Ramos,1995-07-14,2021-04-05,shelby.byrd@example.com
96,Patrick,Callahan,2002-08-04,2020-05-11,raven.gilbert@example.com
97,Wendy,Pierce,2002-02-02,2021-11-23,kevin.kelley@example.com
98,Allison,Williams,1995-11-23,2020-02-13,aaron.mitchell@example.com
99,Tasha,Kidd,1999-08-11,2023-04-19,russell.carpenter@example.com
100,Michelle,Huff,1998-12-16,2023-02-08,diana.marshall@example.com
